{
  "experiment_name": "Giannini-Hall",
  "method_name": "splatting",
  "checkpoint": "outputs/Giannini-Hall/splatting/2024-05-15_152854/nerfstudio_models/step-000001000.ckpt",
  "results": {
    "psnr": 20.489368438720703,
    "psnr_std": 1.623068928718567,
    "ssim": 0.7112841010093689,
    "ssim_std": 0.08602830022573471,
    "lpips": 0.2761457860469818,
    "lpips_std": 0.07653232663869858,
    "num_rays_per_sec": 75517200.0,
    "num_rays_per_sec_std": 16954718.0,
    "fps": 50.210906982421875,
    "fps_std": 11.273083686828613
  }
}